{
  "LogReg-overlap_product": {
    "balanced_accuracy": 0.7494714587737843,
    "precision": 0.9090909090909091,
    "recall": 0.6201550387596899,
    "f1": 0.7373271889400922,
    "prediction time": 0.003002643585205078
  },
  "LinearSVM-overlap_product": {
    "balanced_accuracy": 0.7494714587737843,
    "precision": 0.9090909090909091,
    "recall": 0.6201550387596899,
    "f1": 0.7373271889400922,
    "prediction time": 0.00201416015625
  },
  "Ridge-overlap_product": {
    "balanced_accuracy": 0.7494714587737843,
    "precision": 0.9090909090909091,
    "recall": 0.6201550387596899,
    "f1": 0.7373271889400922,
    "prediction time": 0.0040357112884521484
  },
  "GaussianNB-all": {
    "balanced_accuracy": 0.7461240310077519,
    "precision": 0.8854166666666666,
    "recall": 0.6589147286821705,
    "f1": 0.7555555555555555,
    "prediction time": 0.06899785995483398
  },
  "Ridge-differences": {
    "balanced_accuracy": 0.7429527836504581,
    "precision": 0.8598130841121495,
    "recall": 0.7131782945736435,
    "f1": 0.7796610169491526,
    "prediction time": 0.0030417442321777344
  },
  "LogReg-differences": {
    "balanced_accuracy": 0.7381959126145172,
    "precision": 0.8901098901098901,
    "recall": 0.627906976744186,
    "f1": 0.7363636363636363,
    "prediction time": 0.00599980354309082
  },
  "GaussianNB-overlap_product": {
    "balanced_accuracy": 0.7381959126145172,
    "precision": 0.8901098901098901,
    "recall": 0.627906976744186,
    "f1": 0.7363636363636363,
    "prediction time": 0.019994258880615234
  },
  "GaussianNB-differences": {
    "balanced_accuracy": 0.7359055673009162,
    "precision": 0.8376068376068376,
    "recall": 0.7596899224806202,
    "f1": 0.7967479674796748,
    "prediction time": 0.05600547790527344
  },
  "LinearSVM-differences": {
    "balanced_accuracy": 0.7249823819591261,
    "precision": 0.8174603174603174,
    "recall": 0.7984496124031008,
    "f1": 0.807843137254902,
    "prediction time": 0.0029959678649902344
  },
  "Ridge-all": {
    "balanced_accuracy": 0.7184637068357999,
    "precision": 0.7931034482758621,
    "recall": 0.8914728682170543,
    "f1": 0.8394160583941606,
    "prediction time": 0.002999544143676758
  },
  "LogReg-all": {
    "balanced_accuracy": 0.7177589852008457,
    "precision": 0.8045112781954887,
    "recall": 0.8294573643410853,
    "f1": 0.816793893129771,
    "prediction time": 0.006001949310302734
  },
  "LinearSVM-all": {
    "balanced_accuracy": 0.7140591966173362,
    "precision": 0.8,
    "recall": 0.8372093023255814,
    "f1": 0.8181818181818182,
    "prediction time": 0.0029909610748291016
  },
  "GaussianNB-cosine_and_euclidean_distances": {
    "balanced_accuracy": 0.7107117688513037,
    "precision": 0.7902097902097902,
    "recall": 0.875968992248062,
    "f1": 0.8308823529411765,
    "prediction time": 0.0010027885437011719
  },
  "Ridge-cosine_and_euclidean_distances": {
    "balanced_accuracy": 0.7068357998590556,
    "precision": 0.7887323943661971,
    "recall": 0.8682170542635659,
    "f1": 0.8265682656826568,
    "prediction time": 0.0010194778442382812
  },
  "GaussianNB-distances": {
    "balanced_accuracy": 0.7068357998590556,
    "precision": 0.7887323943661971,
    "recall": 0.8682170542635659,
    "f1": 0.8265682656826568,
    "prediction time": 0.0009984970092773438
  },
  "Ridge-cosine_distances": {
    "balanced_accuracy": 0.7059548978153629,
    "precision": 0.8031496062992126,
    "recall": 0.7906976744186046,
    "f1": 0.796875,
    "prediction time": 0.0
  },
  "LinearSVM-l1_distances": {
    "balanced_accuracy": 0.7059548978153629,
    "precision": 0.8031496062992126,
    "recall": 0.7906976744186046,
    "f1": 0.796875,
    "prediction time": 0.0
  },
  "XGB-overlap_product": {
    "balanced_accuracy": 0.7029598308668076,
    "precision": 0.7872340425531915,
    "recall": 0.8604651162790697,
    "f1": 0.8222222222222222,
    "prediction time": 0.009001016616821289
  },
  "LinearSVM-distances": {
    "balanced_accuracy": 0.6990838618745595,
    "precision": 0.7857142857142857,
    "recall": 0.8527131782945736,
    "f1": 0.8178438661710037,
    "prediction time": 0.0020020008087158203
  },
  "LinearSVM-cosine_and_euclidean_distances": {
    "balanced_accuracy": 0.6987315010570825,
    "precision": 0.7910447761194029,
    "recall": 0.8217054263565892,
    "f1": 0.8060836501901141,
    "prediction time": 0.0
  },
  "Ridge-l1_distances": {
    "balanced_accuracy": 0.6983791402396053,
    "precision": 0.796875,
    "recall": 0.7906976744186046,
    "f1": 0.7937743190661478,
    "prediction time": 0.0010008811950683594
  },
  "XGB-differences": {
    "balanced_accuracy": 0.6982029598308668,
    "precision": 0.8,
    "recall": 0.7751937984496124,
    "f1": 0.7874015748031497,
    "prediction time": 0.03100109100341797
  },
  "LinearSVM-cosine_distances": {
    "balanced_accuracy": 0.6943269908386187,
    "precision": 0.7983870967741935,
    "recall": 0.7674418604651163,
    "f1": 0.782608695652174,
    "prediction time": 0.0009987354278564453
  },
  "LogReg-euclidean_distances": {
    "balanced_accuracy": 0.6943269908386187,
    "precision": 0.7983870967741935,
    "recall": 0.7674418604651163,
    "f1": 0.782608695652174,
    "prediction time": 0.0009996891021728516
  },
  "LinearSVM-euclidean_distances": {
    "balanced_accuracy": 0.6943269908386187,
    "precision": 0.7983870967741935,
    "recall": 0.7674418604651163,
    "f1": 0.782608695652174,
    "prediction time": 0.0
  },
  "LogReg-cosine_and_euclidean_distances": {
    "balanced_accuracy": 0.6943269908386187,
    "precision": 0.7983870967741935,
    "recall": 0.7674418604651163,
    "f1": 0.782608695652174,
    "prediction time": 0.0
  },
  "GaussianNB-l1_distances": {
    "balanced_accuracy": 0.6920366455250176,
    "precision": 0.7733333333333333,
    "recall": 0.8992248062015504,
    "f1": 0.8315412186379928,
    "prediction time": 0.0
  },
  "XGB-all": {
    "balanced_accuracy": 0.6916842847075405,
    "precision": 0.7777777777777778,
    "recall": 0.8682170542635659,
    "f1": 0.8205128205128205,
    "prediction time": 0.015004873275756836
  },
  "Ridge-distances": {
    "balanced_accuracy": 0.6913319238900635,
    "precision": 0.782608695652174,
    "recall": 0.8372093023255814,
    "f1": 0.8089887640449438,
    "prediction time": 0.001001596450805664
  },
  "GaussianNB-cosine_distances": {
    "balanced_accuracy": 0.6881606765327696,
    "precision": 0.7718120805369127,
    "recall": 0.8914728682170543,
    "f1": 0.8273381294964028,
    "prediction time": 0.006000518798828125
  },
  "GaussianNB-euclidean_distances": {
    "balanced_accuracy": 0.6881606765327696,
    "precision": 0.7718120805369127,
    "recall": 0.8914728682170543,
    "f1": 0.8273381294964028,
    "prediction time": 0.0
  },
  "XGB-cosine_distances": {
    "balanced_accuracy": 0.6871035940803383,
    "precision": 0.7862595419847328,
    "recall": 0.7984496124031008,
    "f1": 0.7923076923076923,
    "prediction time": 0.020999670028686523
  },
  "XGB-euclidean_distances": {
    "balanced_accuracy": 0.6871035940803383,
    "precision": 0.7862595419847328,
    "recall": 0.7984496124031008,
    "f1": 0.7923076923076923,
    "prediction time": 0.0020003318786621094
  },
  "XGB-cosine_and_euclidean_distances": {
    "balanced_accuracy": 0.6871035940803383,
    "precision": 0.7862595419847328,
    "recall": 0.7984496124031008,
    "f1": 0.7923076923076923,
    "prediction time": 0.0020003318786621094
  },
  "LogReg-distances": {
    "balanced_accuracy": 0.6869274136715997,
    "precision": 0.7890625,
    "recall": 0.7829457364341085,
    "f1": 0.7859922178988327,
    "prediction time": 0.0
  },
  "LogReg-cosine_distances": {
    "balanced_accuracy": 0.6865750528541226,
    "precision": 0.7950819672131147,
    "recall": 0.751937984496124,
    "f1": 0.7729083665338645,
    "prediction time": 0.002003192901611328
  },
  "Ridge-euclidean_distances": {
    "balanced_accuracy": 0.6865750528541226,