{
  "GaussianNB-distances": {
    "balanced_accuracy": 0.7161764705882353,
    "precision": 0.7333333333333333,
    "recall": 0.55,
    "f1": 0.6285714285714286,
    "prediction time": 0.0
  },
  "Ridge-l1_distances": {
    "balanced_accuracy": 0.7117647058823529,
    "precision": 0.6666666666666666,
    "recall": 0.6,
    "f1": 0.631578947368421,
    "prediction time": 0.0010001659393310547
  },
  "Ridge-distances": {
    "balanced_accuracy": 0.7117647058823529,
    "precision": 0.6666666666666666,
    "recall": 0.6,
    "f1": 0.631578947368421,
    "prediction time": 0.0
  },
  "LogReg-cosine_distances": {
    "balanced_accuracy": 0.7088235294117647,
    "precision": 0.7096774193548387,
    "recall": 0.55,
    "f1": 0.6197183098591549,
    "prediction time": 0.0026535987854003906
  },
  "LinearSVM-cosine_distances": {
    "balanced_accuracy": 0.7088235294117647,
    "precision": 0.7096774193548387,
    "recall": 0.55,
    "f1": 0.6197183098591549,
    "prediction time": 0.0
  },
  "GaussianNB-cosine_and_euclidean_distances": {
    "balanced_accuracy": 0.7036764705882352,
    "precision": 0.7241379310344828,
    "recall": 0.525,
    "f1": 0.6086956521739131,
    "prediction time": 0.0
  },
  "LogReg-euclidean_distances": {
    "balanced_accuracy": 0.6992647058823529,
    "precision": 0.6571428571428571,
    "recall": 0.575,
    "f1": 0.6133333333333333,
    "prediction time": 0.0
  },
  "Ridge-euclidean_distances": {
    "balanced_accuracy": 0.6992647058823529,
    "precision": 0.6571428571428571,
    "recall": 0.575,
    "f1": 0.6133333333333333,
    "prediction time": 0.0
  },
  "LinearSVM-cosine_and_euclidean_distances": {
    "balanced_accuracy": 0.6889705882352941,
    "precision": 0.6774193548387096,
    "recall": 0.525,
    "f1": 0.5915492957746479,
    "prediction time": 0.0
  },
  "GaussianNB-cosine_distances": {
    "balanced_accuracy": 0.6860294117647059,
    "precision": 0.7307692307692307,
    "recall": 0.475,
    "f1": 0.5757575757575758,
    "prediction time": 0.001932382583618164
  },
  "Ridge-cosine_distances": {
    "balanced_accuracy": 0.6845588235294118,
    "precision": 0.6216216216216216,
    "recall": 0.575,
    "f1": 0.5974025974025974,
    "prediction time": 0.00099945068359375
  },
  "LogReg-cosine_and_euclidean_distances": {
    "balanced_accuracy": 0.6845588235294118,
    "precision": 0.6216216216216216,
    "recall": 0.575,
    "f1": 0.5974025974025974,
    "prediction time": 0.0
  },
  "Ridge-cosine_and_euclidean_distances": {
    "balanced_accuracy": 0.6845588235294118,
    "precision": 0.6216216216216216,
    "recall": 0.575,
    "f1": 0.5974025974025974,
    "prediction time": 0.0010006427764892578
  },
  "LinearSVM-euclidean_distances": {
    "balanced_accuracy": 0.6794117647058824,
    "precision": 0.6285714285714286,
    "recall": 0.55,
    "f1": 0.5866666666666667,
    "prediction time": 0.0
  },
  "Ridge-all": {
    "balanced_accuracy": 0.674264705882353,
    "precision": 0.6363636363636364,
    "recall": 0.525,
    "f1": 0.5753424657534246,
    "prediction time": 0.0010020732879638672
  },
  "GaussianNB-euclidean_distances": {
    "balanced_accuracy": 0.6735294117647059,
    "precision": 0.72,
    "recall": 0.45,
    "f1": 0.5538461538461539,
    "prediction time": 0.0
  },
  "LinearSVM-l1_distances": {
    "balanced_accuracy": 0.6720588235294118,
    "precision": 0.6111111111111112,
    "recall": 0.55,
    "f1": 0.5789473684210527,
    "prediction time": 0.0
  },
  "XGB-l1_distances": {
    "balanced_accuracy": 0.6676470588235295,
    "precision": 0.5714285714285714,
    "recall": 0.6,
    "f1": 0.5853658536585366,
    "prediction time": 0.0029990673065185547
  },
  "LogReg-l1_distances": {
    "balanced_accuracy": 0.6647058823529413,
    "precision": 0.5945945945945946,
    "recall": 0.55,
    "f1": 0.5714285714285714,
    "prediction time": 0.0
  },
  "LogReg-distances": {
    "balanced_accuracy": 0.6647058823529413,
    "precision": 0.5945945945945946,
    "recall": 0.55,
    "f1": 0.5714285714285714,
    "prediction time": 0.001001119613647461
  },
  "LinearSVM-distances": {
    "balanced_accuracy": 0.6647058823529413,
    "precision": 0.5945945945945946,
    "recall": 0.55,
    "f1": 0.5714285714285714,
    "prediction time": 0.0
  },
  "GaussianNB-l1_distances": {
    "balanced_accuracy": 0.6610294117647059,
    "precision": 0.7083333333333334,
    "recall": 0.425,
    "f1": 0.53125,
    "prediction time": 0.0009996891021728516
  },
  "LogReg-overlap_product": {
    "balanced_accuracy": 0.6441176470588236,
    "precision": 0.6206896551724138,
    "recall": 0.45,
    "f1": 0.5217391304347826,
    "prediction time": 0.001001119613647461
  },
  "LinearSVM-overlap_product": {
    "balanced_accuracy": 0.6441176470588236,
    "precision": 0.6206896551724138,
    "recall": 0.45,
    "f1": 0.5217391304347826,
    "prediction time": 0.0010004043579101562
  },
  "GaussianNB-differences": {
    "balanced_accuracy": 0.6411764705882352,
    "precision": 0.6666666666666666,
    "recall": 0.4,
    "f1": 0.5,
    "prediction time": 0.006063938140869141
  },
  "LogReg-all": {
    "balanced_accuracy": 0.6345588235294117,
    "precision": 0.5757575757575758,
    "recall": 0.475,
    "f1": 0.5205479452054794,
    "prediction time": 0.00099945068359375
  },
  "XGB-cosine_distances": {
    "balanced_accuracy": 0.6294117647058823,
    "precision": 0.5806451612903226,
    "recall": 0.45,
    "f1": 0.5070422535211268,
    "prediction time": 0.0068416595458984375
  },
  "XGB-euclidean_distances": {
    "balanced_accuracy": 0.6294117647058823,
    "precision": 0.5806451612903226,
    "recall": 0.45,
    "f1": 0.5070422535211268,
    "prediction time": 0.0019974708557128906
  },
  "XGB-cosine_and_euclidean_distances": {
    "balanced_accuracy": 0.6294117647058823,
    "precision": 0.5806451612903226,
    "recall": 0.45,
    "f1": 0.5070422535211268,
    "prediction time": 0.0009999275207519531
  },
  "Ridge-overlap_product": {
    "balanced_accuracy": 0.6242647058823529,
    "precision": 0.5862068965517241,
    "recall": 0.425,
    "f1": 0.4927536231884058,
    "prediction time": 0.002002239227294922
  },
  "XGB-all": {
    "balanced_accuracy": 0.6161764705882353,
    "precision": 0.6363636363636364,
    "recall": 0.35,
    "f1": 0.45161290322580644,
    "prediction time": 0.010098457336425781
  },
  "GaussianNB-all": {
    "balanced_accuracy": 0.6139705882352942,
    "precision": 0.6,
    "recall": 0.375,
    "f1": 0.46153846153846156,
    "prediction time": 0.01800394058227539
  },
  "XGB-distances": {
    "balanced_accuracy": 0.6044117647058824,
    "precision": 0.5517241379310345,
    "recall": 0.4,
    "f1": 0.463768115942029,
    "prediction time": 0.0020029544830322266
  },
  "GaussianNB-overlap_product": {
    "balanced_accuracy": 0.6044117647058824,
    "precision": 0.5517241379310345,
    "recall": 0.4,
    "f1": 0.463768115942029,
    "prediction time": 0.0030040740966796875
  },
  "LinearSVM-all": {
    "balanced_accuracy": 0.5955882352941176,
    "precision": 0.7142857142857143,
    "recall": 0.25,
    "f1": 0.37037037037037035,
    "prediction time": 0.000997781753540039
  },
  "LinearSVM-differences": {
    "balanced_accuracy": 0.5875,
    "precision": 0.5,
    "recall": 0.425,
    "f1": 0.4594594594594595,
    "prediction time": 0.002002239227294922
  },
  "LogReg-differences": {
    "balanced_accuracy": 0.5801470588235295,
    "precision": 0.4857142857142857,
    "recall": 0.425,
    "f1": 0.4533333333333333,
    "prediction time": 0.0010809898376464844
  },
  "Ridge-differences": {
    "balanced_accuracy": 0.5801470588235295,
    "precision": 0.4857142857142857,
    "recall": 0.425,
    "f1": 0.4533333333333333,
    "prediction time": 0.001001119613647461
  },
  "XGB-overlap_product": {
    "balanced_accuracy": 0.5338235294117647,
    "precision": 0.47058823529411764,
    "recall": 0.2,
    "f1": 0.2807017543859649,
    "prediction time": 0.00500035285949707
  },