{
  "LinearSVM-cosine_and_euclidean_distances": {
    "balanced_accuracy": 0.7161764705882353,
    "precision": 0.7333333333333333,
    "recall": 0.55,
    "f1": 0.6285714285714286,
    "prediction time": 0.0
  },
  "LogReg-cosine_distances": {
    "balanced_accuracy": 0.7088235294117647,
    "precision": 0.7096774193548387,
    "recall": 0.55,
    "f1": 0.6197183098591549,
    "prediction time": 0.0011298656463623047
  },
  "LinearSVM-cosine_distances": {
    "balanced_accuracy": 0.7088235294117647,
    "precision": 0.7096774193548387,
    "recall": 0.55,
    "f1": 0.6197183098591549,
    "prediction time": 0.0009999275207519531
  },
  "XGB-l1_distances": {
    "balanced_accuracy": 0.7044117647058823,
    "precision": 0.6486486486486487,
    "recall": 0.6,
    "f1": 0.6233766233766234,
    "prediction time": 0.0010001659393310547
  },
  "Ridge-l1_distances": {
    "balanced_accuracy": 0.7044117647058823,
    "precision": 0.6486486486486487,
    "recall": 0.6,
    "f1": 0.6233766233766234,
    "prediction time": 0.0
  },
  "LogReg-euclidean_distances": {
    "balanced_accuracy": 0.7036764705882352,
    "precision": 0.7241379310344828,
    "recall": 0.525,
    "f1": 0.6086956521739131,
    "prediction time": 0.0009999275207519531
  },
  "LinearSVM-euclidean_distances": {
    "balanced_accuracy": 0.7014705882352941,
    "precision": 0.6875,
    "recall": 0.55,
    "f1": 0.6111111111111112,
    "prediction time": 0.0
  },
  "LogReg-cosine_and_euclidean_distances": {
    "balanced_accuracy": 0.7014705882352941,
    "precision": 0.6875,
    "recall": 0.55,
    "f1": 0.6111111111111112,
    "prediction time": 0.0010004043579101562
  },
  "LogReg-all": {
    "balanced_accuracy": 0.6941176470588235,
    "precision": 0.6666666666666666,
    "recall": 0.55,
    "f1": 0.6027397260273972,
    "prediction time": 0.0009999275207519531
  },
  "GaussianNB-cosine_and_euclidean_distances": {
    "balanced_accuracy": 0.6911764705882353,
    "precision": 0.7142857142857143,
    "recall": 0.5,
    "f1": 0.5882352941176471,
    "prediction time": 0.0009968280792236328
  },
  "GaussianNB-distances": {
    "balanced_accuracy": 0.6911764705882353,
    "precision": 0.7142857142857143,
    "recall": 0.5,
    "f1": 0.5882352941176471,
    "prediction time": 0.0009992122650146484
  },
  "LogReg-distances": {
    "balanced_accuracy": 0.6867647058823529,
    "precision": 0.6470588235294118,
    "recall": 0.55,
    "f1": 0.5945945945945946,
    "prediction time": 0.0
  },
  "Ridge-all": {
    "balanced_accuracy": 0.6867647058823529,
    "precision": 0.6470588235294118,
    "recall": 0.55,
    "f1": 0.5945945945945946,
    "prediction time": 0.0009989738464355469
  },
  "Ridge-euclidean_distances": {
    "balanced_accuracy": 0.6794117647058824,
    "precision": 0.6285714285714286,
    "recall": 0.55,
    "f1": 0.5866666666666667,
    "prediction time": 0.0
  },
  "LogReg-l1_distances": {
    "balanced_accuracy": 0.6794117647058824,
    "precision": 0.6285714285714286,
    "recall": 0.55,
    "f1": 0.5866666666666667,
    "prediction time": 0.0
  },
  "GaussianNB-cosine_distances": {
    "balanced_accuracy": 0.6735294117647059,
    "precision": 0.72,
    "recall": 0.45,
    "f1": 0.5538461538461539,
    "prediction time": 0.0010695457458496094
  },
  "Ridge-cosine_and_euclidean_distances": {
    "balanced_accuracy": 0.6720588235294118,
    "precision": 0.6111111111111112,
    "recall": 0.55,
    "f1": 0.5789473684210527,
    "prediction time": 0.0010013580322265625
  },
  "LinearSVM-l1_distances": {
    "balanced_accuracy": 0.6720588235294118,
    "precision": 0.6111111111111112,
    "recall": 0.55,
    "f1": 0.5789473684210527,
    "prediction time": 0.0010004043579101562
  },
  "Ridge-cosine_distances": {
    "balanced_accuracy": 0.6647058823529413,
    "precision": 0.5945945945945946,
    "recall": 0.55,
    "f1": 0.5714285714285714,
    "prediction time": 0.0
  },
  "LinearSVM-distances": {
    "balanced_accuracy": 0.6573529411764706,
    "precision": 0.5789473684210527,
    "recall": 0.55,
    "f1": 0.5641025641025641,
    "prediction time": 0.0010008811950683594
  },
  "GaussianNB-l1_distances": {
    "balanced_accuracy": 0.6558823529411765,
    "precision": 0.7272727272727273,
    "recall": 0.4,
    "f1": 0.5161290322580645,
    "prediction time": 0.0
  },
  "GaussianNB-euclidean_distances": {
    "balanced_accuracy": 0.6485294117647059,
    "precision": 0.6956521739130435,
    "recall": 0.4,
    "f1": 0.5079365079365079,
    "prediction time": 0.0
  },
  "Ridge-distances": {
    "balanced_accuracy": 0.6257352941176471,
    "precision": 0.5111111111111111,
    "recall": 0.575,
    "f1": 0.5411764705882353,
    "prediction time": 0.0
  },
  "Ridge-overlap_product": {
    "balanced_accuracy": 0.6242647058823529,
    "precision": 0.5862068965517241,
    "recall": 0.425,
    "f1": 0.4927536231884058,
    "prediction time": 0.0009999275207519531
  },
  "Ridge-differences": {
    "balanced_accuracy": 0.6132352941176471,
    "precision": 0.7058823529411765,
    "recall": 0.3,
    "f1": 0.42105263157894735,
    "prediction time": 0.0010004043579101562
  },
  "LogReg-overlap_product": {
    "balanced_accuracy": 0.6073529411764705,
    "precision": 0.5294117647058824,
    "recall": 0.45,
    "f1": 0.4864864864864865,
    "prediction time": 0.0009882450103759766
  },
  "LinearSVM-overlap_product": {
    "balanced_accuracy": 0.6073529411764705,
    "precision": 0.5294117647058824,
    "recall": 0.45,
    "f1": 0.4864864864864865,
    "prediction time": 0.0
  },
  "GaussianNB-all": {
    "balanced_accuracy": 0.6066176470588236,
    "precision": 0.5769230769230769,
    "recall": 0.375,
    "f1": 0.45454545454545453,
    "prediction time": 0.0060002803802490234
  },
  "XGB-overlap_product": {
    "balanced_accuracy": 0.6044117647058824,
    "precision": 0.5517241379310345,
    "recall": 0.4,
    "f1": 0.463768115942029,
    "prediction time": 0.0020012855529785156
  },
  "LinearSVM-differences": {
    "balanced_accuracy": 0.6007352941176471,
    "precision": 0.6875,
    "recall": 0.275,
    "f1": 0.39285714285714285,
    "prediction time": 0.0010018348693847656
  },
  "GaussianNB-differences": {
    "balanced_accuracy": 0.5992647058823529,
    "precision": 0.5555555555555556,
    "recall": 0.375,
    "f1": 0.44776119402985076,
    "prediction time": 0.003000974655151367
  },
  "XGB-all": {
    "balanced_accuracy": 0.5911764705882353,
    "precision": 0.6,
    "recall": 0.3,
    "f1": 0.4,
    "prediction time": 0.004001617431640625
  },
  "GaussianNB-overlap_product": {
    "balanced_accuracy": 0.5897058823529412,
    "precision": 0.5161290322580645,
    "recall": 0.4,
    "f1": 0.4507042253521127,
    "prediction time": 0.0010008811950683594
  },
  "LinearSVM-all": {
    "balanced_accuracy": 0.5889705882352941,
    "precision": 0.5652173913043478,
    "recall": 0.325,
    "f1": 0.4126984126984127,
    "prediction time": 0.0009996891021728516
  },
  "XGB-distances": {
    "balanced_accuracy": 0.5882352941176471,
    "precision": 0.6666666666666666,
    "recall": 0.25,
    "f1": 0.36363636363636365,
    "prediction time": 0.0010597705841064453
  },
  "LogReg-differences": {
    "balanced_accuracy": 0.5779411764705883,
    "precision": 0.47368421052631576,
    "recall": 0.45,
    "f1": 0.46153846153846156,
    "prediction time": 0.0010004043579101562
  },
  "XGB-cosine_distances": {
    "balanced_accuracy": 0.5757352941176471,
    "precision": 0.6428571428571429,
    "recall": 0.225,
    "f1": 0.3333333333333333,
    "prediction time": 0.0059680938720703125
  },
  "XGB-euclidean_distances": {
    "balanced_accuracy": 0.5757352941176471,
    "precision": 0.6428571428571429,
    "recall": 0.225,
    "f1": 0.3333333333333333,
    "prediction time": 0.0009996891021728516
  },
  "XGB-cosine_and_euclidean_distances": {
    "balanced_accuracy": 0.5757352941176471,
    "precision": 0.6428571428571429,
    "recall": 0.225,
    "f1": 0.3333333333333333,