{
  "GaussianNB-distances": {
    "balanced_accuracy": 0.7242647058823529,
    "precision": 0.6756756756756757,
    "recall": 0.625,
    "f1": 0.6493506493506493,
    "prediction time": 0.0009989738464355469
  },
  "GaussianNB-cosine_and_euclidean_distances": {
    "balanced_accuracy": 0.7191176470588235,
    "precision": 0.6857142857142857,
    "recall": 0.6,
    "f1": 0.64,
    "prediction time": 0.0
  },
  "GaussianNB-cosine_distances": {
    "balanced_accuracy": 0.7110294117647059,
    "precision": 0.75,
    "recall": 0.525,
    "f1": 0.6176470588235294,
    "prediction time": 0.004137516021728516
  },
  "LinearSVM-euclidean_distances": {
    "balanced_accuracy": 0.7022058823529411,
    "precision": 0.625,
    "recall": 0.625,
    "f1": 0.625,
    "prediction time": 0.0
  },
  "LinearSVM-cosine_and_euclidean_distances": {
    "balanced_accuracy": 0.6992647058823529,
    "precision": 0.6571428571428571,
    "recall": 0.575,
    "f1": 0.6133333333333333,
    "prediction time": 0.0
  },
  "GaussianNB-l1_distances": {
    "balanced_accuracy": 0.6985294117647058,
    "precision": 0.7407407407407407,
    "recall": 0.5,
    "f1": 0.5970149253731343,
    "prediction time": 0.0
  },
  "Ridge-l1_distances": {
    "balanced_accuracy": 0.6948529411764706,
    "precision": 0.6097560975609756,
    "recall": 0.625,
    "f1": 0.6172839506172839,
    "prediction time": 0.0010004043579101562
  },
  "Ridge-distances": {
    "balanced_accuracy": 0.6948529411764706,
    "precision": 0.6097560975609756,
    "recall": 0.625,
    "f1": 0.6172839506172839,
    "prediction time": 0.001001596450805664
  },
  "LinearSVM-l1_distances": {
    "balanced_accuracy": 0.6897058823529412,
    "precision": 0.6153846153846154,
    "recall": 0.6,
    "f1": 0.6075949367088608,
    "prediction time": 0.0
  },
  "GaussianNB-euclidean_distances": {
    "balanced_accuracy": 0.6860294117647059,
    "precision": 0.7307692307692307,
    "recall": 0.475,
    "f1": 0.5757575757575758,
    "prediction time": 0.0009996891021728516
  },
  "LinearSVM-cosine_distances": {
    "balanced_accuracy": 0.6823529411764706,
    "precision": 0.6,
    "recall": 0.6,
    "f1": 0.6,
    "prediction time": 0.0010013580322265625
  },
  "LogReg-l1_distances": {
    "balanced_accuracy": 0.6823529411764706,
    "precision": 0.6,
    "recall": 0.6,
    "f1": 0.6,
    "prediction time": 0.0
  },
  "LinearSVM-distances": {
    "balanced_accuracy": 0.6823529411764706,
    "precision": 0.6,
    "recall": 0.6,
    "f1": 0.6,
    "prediction time": 0.0
  },
  "LogReg-euclidean_distances": {
    "balanced_accuracy": 0.675,
    "precision": 0.5853658536585366,
    "recall": 0.6,
    "f1": 0.5925925925925926,
    "prediction time": 0.0010008811950683594
  },
  "Ridge-euclidean_distances": {
    "balanced_accuracy": 0.675,
    "precision": 0.5853658536585366,
    "recall": 0.6,
    "f1": 0.5925925925925926,
    "prediction time": 0.0
  },
  "LogReg-distances": {
    "balanced_accuracy": 0.675,
    "precision": 0.5853658536585366,
    "recall": 0.6,
    "f1": 0.5925925925925926,
    "prediction time": 0.0
  },
  "LogReg-cosine_distances": {
    "balanced_accuracy": 0.6676470588235295,
    "precision": 0.5714285714285714,
    "recall": 0.6,
    "f1": 0.5853658536585366,
    "prediction time": 0.0
  },
  "Ridge-cosine_distances": {
    "balanced_accuracy": 0.6676470588235295,
    "precision": 0.5714285714285714,
    "recall": 0.6,
    "f1": 0.5853658536585366,
    "prediction time": 0.0010004043579101562
  },
  "LogReg-cosine_and_euclidean_distances": {
    "balanced_accuracy": 0.6676470588235295,
    "precision": 0.5714285714285714,
    "recall": 0.6,
    "f1": 0.5853658536585366,
    "prediction time": 0.0
  },
  "Ridge-cosine_and_euclidean_distances": {
    "balanced_accuracy": 0.6676470588235295,
    "precision": 0.5714285714285714,
    "recall": 0.6,
    "f1": 0.5853658536585366,
    "prediction time": 0.0
  },
  "LogReg-all": {
    "balanced_accuracy": 0.6625,
    "precision": 0.575,
    "recall": 0.575,
    "f1": 0.575,
    "prediction time": 0.0
  },
  "Ridge-all": {
    "balanced_accuracy": 0.6625,
    "precision": 0.575,
    "recall": 0.575,
    "f1": 0.575,
    "prediction time": 0.0010001659393310547
  },
  "XGB-l1_distances": {
    "balanced_accuracy": 0.661029411764706,
    "precision": 0.5294117647058824,
    "recall": 0.675,
    "f1": 0.5934065934065934,
    "prediction time": 0.0010001659393310547
  },
  "GaussianNB-all": {
    "balanced_accuracy": 0.6294117647058823,
    "precision": 0.5806451612903226,
    "recall": 0.45,
    "f1": 0.5070422535211268,
    "prediction time": 0.006048679351806641
  },
  "XGB-distances": {
    "balanced_accuracy": 0.6242647058823529,
    "precision": 0.48214285714285715,
    "recall": 0.675,
    "f1": 0.5625,
    "prediction time": 0.0009398460388183594
  },
  "GaussianNB-differences": {
    "balanced_accuracy": 0.6036764705882353,
    "precision": 0.6190476190476191,
    "recall": 0.325,
    "f1": 0.4262295081967213,
    "prediction time": 0.005999565124511719
  },
  "Ridge-overlap_product": {
    "balanced_accuracy": 0.5948529411764706,
    "precision": 0.5151515151515151,
    "recall": 0.425,
    "f1": 0.4657534246575342,
    "prediction time": 0.0009489059448242188
  },
  "GaussianNB-overlap_product": {
    "balanced_accuracy": 0.5852941176470589,
    "precision": 0.4864864864864865,
    "recall": 0.45,
    "f1": 0.4675324675324675,
    "prediction time": 0.005998134613037109
  },
  "LogReg-differences": {
    "balanced_accuracy": 0.5830882352941176,
    "precision": 0.475,
    "recall": 0.475,
    "f1": 0.475,
    "prediction time": 0.0
  },
  "LinearSVM-all": {
    "balanced_accuracy": 0.5625,
    "precision": 0.46875,
    "recall": 0.375,
    "f1": 0.4166666666666667,
    "prediction time": 0.0009982585906982422
  },
  "LinearSVM-differences": {
    "balanced_accuracy": 0.5522058823529412,
    "precision": 0.4642857142857143,
    "recall": 0.325,
    "f1": 0.38235294117647056,
    "prediction time": 0.0
  },
  "Ridge-differences": {
    "balanced_accuracy": 0.55,
    "precision": 0.45161290322580644,
    "recall": 0.35,
    "f1": 0.39436619718309857,
    "prediction time": 0.0
  },
  "XGB-cosine_distances": {
    "balanced_accuracy": 0.5463235294117648,
    "precision": 0.5,
    "recall": 0.225,
    "f1": 0.3103448275862069,
    "prediction time": 0.0019664764404296875
  },
  "XGB-euclidean_distances": {
    "balanced_accuracy": 0.5463235294117648,
    "precision": 0.5,
    "recall": 0.225,
    "f1": 0.3103448275862069,
    "prediction time": 0.0010001659393310547
  },
  "XGB-cosine_and_euclidean_distances": {
    "balanced_accuracy": 0.5463235294117648,
    "precision": 0.5,
    "recall": 0.225,
    "f1": 0.3103448275862069,
    "prediction time": 0.0019998550415039062
  },
  "LinearSVM-overlap_product": {
    "balanced_accuracy": 0.5330882352941176,
    "precision": 0.4166666666666667,
    "recall": 0.375,
    "f1": 0.39473684210526316,
    "prediction time": 0.0010013580322265625
  },
  "LogReg-overlap_product": {
    "balanced_accuracy": 0.5205882352941176,
    "precision": 0.4,
    "recall": 0.35,
    "f1": 0.37333333333333335,
    "prediction time": 0.0
  },
  "XGB-differences": {
    "balanced_accuracy": 0.5198529411764705,
    "precision": 0.4074074074074074,
    "recall": 0.275,
    "f1": 0.3283582089552239,
    "prediction time": 0.003054380416870117
  },
  "XGB-all": {
    "balanced_accuracy": 0.5022058823529412,
    "precision": 0.375,
    "recall": 0.225,
    "f1": 0.28125,
    "prediction time": 0.006062030792236328
  },
  "XGB-overlap_product": {
    "balanced_accuracy": 0.47058823529411764,
    "precision": 0.3225806451612903,
    "recall": 0.25,
    "f1": 0.28169014084507044,
    "prediction time": 0.003003835678100586
  }
}